-- phpMyAdmin SQL Dump
-- version 4.1.14
-- http://www.phpmyadmin.net
--
-- Servidor: 127.0.0.1
-- Tiempo de generación: 18-10-2018 a las 19:33:45
-- Versión del servidor: 5.6.17
-- Versión de PHP: 5.5.12

SET SQL_MODE = "NO_AUTO_VALUE_ON_ZERO";
SET time_zone = "+00:00";


/*!40101 SET @OLD_CHARACTER_SET_CLIENT=@@CHARACTER_SET_CLIENT */;
/*!40101 SET @OLD_CHARACTER_SET_RESULTS=@@CHARACTER_SET_RESULTS */;
/*!40101 SET @OLD_COLLATION_CONNECTION=@@COLLATION_CONNECTION */;
/*!40101 SET NAMES utf8 */;

--
-- Base de datos: `gotoevent`
--

-- --------------------------------------------------------

--
-- Estructura de tabla para la tabla `artists`
--

CREATE TABLE IF NOT EXISTS `artists` (
  `id` int(11) NOT NULL AUTO_INCREMENT,
  `name` varchar(50) DEFAULT NULL,
  `genre_id` int(11) NOT NULL,
  PRIMARY KEY (`id`),
  KEY `id_genre` (`genre_id`)
) ENGINE=InnoDB  DEFAULT CHARSET=latin1 AUTO_INCREMENT=4 ;

--
-- Volcado de datos para la tabla `artists`
--

INSERT INTO `artists` (`id`, `name`, `genre_id`) VALUES
(2, 'Metallica', 3),
(3, 'Megadeth', 3);

-- --------------------------------------------------------

--
-- Estructura de tabla para la tabla `artists_in_calendars`
--

CREATE TABLE IF NOT EXISTS `artists_in_calendars` (
  `id_artist` int(11) NOT NULL,
  `id_calendar` int(11) NOT NULL,
  PRIMARY KEY (`id_artist`,`id_calendar`),
  KEY `id_calendar` (`id_calendar`)
) ENGINE=MyISAM DEFAULT CHARSET=latin1;

--
-- Volcado de datos para la tabla `artists_in_calendars`
--

INSERT INTO `artists_in_calendars` (`id_artist`, `id_calendar`) VALUES
(2, 10),
(2, 11),
(2, 12),
(2, 13),
(2, 14),
(2, 15),
(2, 16),
(2, 17),
(2, 18),
(2, 19),
(3, 10),
(3, 18),
(3, 19);

-- --------------------------------------------------------

--
-- Estructura de tabla para la tabla `calendars`
--

CREATE TABLE IF NOT EXISTS `calendars` (
  `id` int(11) NOT NULL AUTO_INCREMENT,
  `descr` varchar(255) NOT NULL,
  `day` date NOT NULL,
  `hour` time NOT NULL,
  `site_id` int(11) NOT NULL,
  `event_id` int(11) NOT NULL,
  PRIMARY KEY (`id`),
  KEY `site_id` (`site_id`),
  KEY `event_id` (`event_id`)
) ENGINE=InnoDB  DEFAULT CHARSET=latin1 AUTO_INCREMENT=20 ;

--
-- Volcado de datos para la tabla `calendars`
--

INSERT INTO `calendars` (`id`, `descr`, `day`, `hour`, `site_id`, `event_id`) VALUES
(2, 'Calendario delr ecital de prueba', '2018-10-04', '23:00:00', 1, 1),
(7, 'TODAVIA NO ENTIENDO COMO LOS CALENDARIOS PUEDEN TENER DESCRIPCION', '2018-11-14', '22:00:00', 1, 36),
(8, 'TODAVIA NO ENTIENDO COMO LOS CALENDARIOS PUEDEN TENER DESCRIPCION', '2018-11-14', '22:00:00', 1, 36),
(9, 'TODAVIA NO ENTIENDO COMO LOS CALENDARIOS PUEDEN TENER DESCRIPCION', '2018-11-14', '22:00:00', 1, 36),
(10, 'qweqweqwe', '1970-01-01', '00:00:00', 2, 36),
(11, 'ertert', '1970-01-01', '00:00:00', 6, 36),
(12, 'ertert', '1970-01-01', '00:00:00', 6, 36),
(13, 'ertert', '1970-01-01', '00:00:00', 6, 36),
(14, 'ertert', '1970-01-01', '00:00:00', 6, 36),
(15, 'ertert', '1970-01-01', '00:00:00', 6, 36),
(16, 'ertert', '1970-01-01', '00:00:00', 6, 36),
(17, 'ertert', '1970-01-01', '00:00:00', 6, 36),
(18, 'ertert', '1970-01-01', '00:00:00', 6, 36),
(19, 'ertert', '1970-01-01', '00:00:00', 6, 36);

-- --------------------------------------------------------

--
-- Estructura de tabla para la tabla `event_categories`
--

CREATE TABLE IF NOT EXISTS `event_categories` (
  `id` int(11) NOT NULL AUTO_INCREMENT,
  `name` varchar(50) DEFAULT NULL,
  PRIMARY KEY (`id`)
) ENGINE=InnoDB  DEFAULT CHARSET=latin1 AUTO_INCREMENT=4 ;

--
-- Volcado de datos para la tabla `event_categories`
--

INSERT INTO `event_categories` (`id`, `name`) VALUES
(1, 'Recital'),
(2, 'Festival'),
(3, 'Concierto');

-- --------------------------------------------------------

--
-- Estructura de tabla para la tabla `genres`
--

CREATE TABLE IF NOT EXISTS `genres` (
  `id` int(11) NOT NULL AUTO_INCREMENT,
  `genre_name` varchar(30) DEFAULT NULL,
  PRIMARY KEY (`id`)
) ENGINE=InnoDB  DEFAULT CHARSET=latin1 AUTO_INCREMENT=4 ;

--
-- Volcado de datos para la tabla `genres`
--

INSERT INTO `genres` (`id`, `genre_name`) VALUES
(1, 'Rock'),
(2, 'Pop'),
(3, 'Metal');

-- --------------------------------------------------------

--
-- Estructura de tabla para la tabla `gigs`
--

CREATE TABLE IF NOT EXISTS `gigs` (
  `id` int(11) NOT NULL AUTO_INCREMENT,
  `event_category_id` int(11) NOT NULL,
  `descr` varchar(255) NOT NULL,
  `name` varchar(50) NOT NULL,
  PRIMARY KEY (`id`),
  KEY `event_category_id` (`event_category_id`)
) ENGINE=InnoDB  DEFAULT CHARSET=latin1 AUTO_INCREMENT=48 ;

--
-- Volcado de datos para la tabla `gigs`
--

INSERT INTO `gigs` (`id`, `event_category_id`, `descr`, `name`) VALUES
(1, 1, 'Evento de prueba', 'Recital de Prueba'),
(36, 1, 'Si señora', 'EsteEventoAnda'),
(37, 1, 'Si señora', 'EsteEventoAnda'),
(38, 1, 'Si señora', 'EsteEventoAnda'),
(39, 1, 'Si señora', 'EsteEventoAnda'),
(40, 1, 'Si señora', 'EsteEventoAnda'),
(41, 1, 'Si señora', 'EsteEventoAnda'),
(42, 1, 'Si señora', 'EsteEventoAnda'),
(43, 1, 'Si señora', 'EsteEventoAnda'),
(44, 1, 'Si señora', 'EsteEventoAnda'),
(45, 1, 'Si señora', 'EsteEventoAnda'),
(46, 1, 'Si señora', 'EsteEventoAnda'),
(47, 1, 'Si señora', 'EsteEventoAnda');

-- --------------------------------------------------------

--
-- Estructura de tabla para la tabla `seats`
--

CREATE TABLE IF NOT EXISTS `seats` (
  `id` int(11) NOT NULL AUTO_INCREMENT,
  `number` varchar(8) DEFAULT NULL,
  `price` double DEFAULT NULL,
  `seat_type_id` int(11) NOT NULL,
  `calendar_id` int(11) NOT NULL,
  PRIMARY KEY (`id`),
  KEY `seat_type_id` (`seat_type_id`),
  KEY `calendar_id` (`calendar_id`)
) ENGINE=InnoDB  DEFAULT CHARSET=latin1 AUTO_INCREMENT=451 ;

--
-- Volcado de datos para la tabla `seats`
--

INSERT INTO `seats` (`id`, `number`, `price`, `seat_type_id`, `calendar_id`) VALUES
(1, '1-0', 300, 1, 19),
(2, '1-1', 300, 1, 19),
(3, '1-2', 300, 1, 19),
(4, '1-3', 300, 1, 19),
(5, '1-4', 300, 1, 19),
(6, '1-5', 300, 1, 19),
(7, '1-6', 300, 1, 19),
(8, '1-7', 300, 1, 19),
(9, '1-8', 300, 1, 19),
(10, '1-9', 300, 1, 19),
(11, '1-10', 300, 1, 19),
(12, '1-11', 300, 1, 19),
(13, '1-12', 300, 1, 19),
(14, '1-13', 300, 1, 19),
(15, '1-14', 300, 1, 19),
(16, '1-15', 300, 1, 19),
(17, '1-16', 300, 1, 19),
(18, '1-17', 300, 1, 19),
(19, '1-18', 300, 1, 19),
(20, '1-19', 300, 1, 19),
(21, '1-20', 300, 1, 19),
(22, '1-21', 300, 1, 19),
(23, '1-22', 300, 1, 19),
(24, '1-23', 300, 1, 19),
(25, '1-24', 300, 1, 19),
(26, '1-25', 300, 1, 19),
(27, '1-26', 300, 1, 19),
(28, '1-27', 300, 1, 19),
(29, '1-28', 300, 1, 19),
(30, '1-29', 300, 1, 19),
(31, '1-30', 300, 1, 19),
(32, '1-31', 300, 1, 19),
(33, '1-32', 300, 1, 19),
(34, '1-33', 300, 1, 19),
(35, '1-34', 300, 1, 19),
(36, '1-35', 300, 1, 19),
(37, '1-36', 300, 1, 19),
(38, '1-37', 300, 1, 19),
(39, '1-38', 300, 1, 19),
(40, '1-39', 300, 1, 19),
(41, '1-40', 300, 1, 19),
(42, '1-41', 300, 1, 19),
(43, '1-42', 300, 1, 19),
(44, '1-43', 300, 1, 19),
(45, '1-44', 300, 1, 19),
(46, '1-45', 300, 1, 19),
(47, '1-46', 300, 1, 19),
(48, '1-47', 300, 1, 19),
(49, '1-48', 300, 1, 19),
(50, '1-49', 300, 1, 19),
(51, '1-50', 300, 1, 19),
(52, '1-51', 300, 1, 19),
(53, '1-52', 300, 1, 19),
(54, '1-53', 300, 1, 19),
(55, '1-54', 300, 1, 19),
(56, '1-55', 300, 1, 19),
(57, '1-56', 300, 1, 19),
(58, '1-57', 300, 1, 19),
(59, '1-58', 300, 1, 19),
(60, '1-59', 300, 1, 19),
(61, '1-60', 300, 1, 19),
(62, '1-61', 300, 1, 19),
(63, '1-62', 300, 1, 19),
(64, '1-63', 300, 1, 19),
(65, '1-64', 300, 1, 19),
(66, '1-65', 300, 1, 19),
(67, '1-66', 300, 1, 19),
(68, '1-67', 300, 1, 19),
(69, '1-68', 300, 1, 19),
(70, '1-69', 300, 1, 19),
(71, '1-70', 300, 1, 19),
(72, '1-71', 300, 1, 19),
(73, '1-72', 300, 1, 19),
(74, '1-73', 300, 1, 19),
(75, '1-74', 300, 1, 19),
(76, '1-75', 300, 1, 19),
(77, '1-76', 300, 1, 19),
(78, '1-77', 300, 1, 19),
(79, '1-78', 300, 1, 19),
(80, '1-79', 300, 1, 19),
(81, '1-80', 300, 1, 19),
(82, '1-81', 300, 1, 19),
(83, '1-82', 300, 1, 19),
(84, '1-83', 300, 1, 19),
(85, '1-84', 300, 1, 19),
(86, '1-85', 300, 1, 19),
(87, '1-86', 300, 1, 19),
(88, '1-87', 300, 1, 19),
(89, '1-88', 300, 1, 19),
(90, '1-89', 300, 1, 19),
(91, '1-90', 300, 1, 19),
(92, '1-91', 300, 1, 19),
(93, '1-92', 300, 1, 19),
(94, '1-93', 300, 1, 19),
(95, '1-94', 300, 1, 19),
(96, '1-95', 300, 1, 19),
(97, '1-96', 300, 1, 19),
(98, '1-97', 300, 1, 19),
(99, '1-98', 300, 1, 19),
(100, '1-99', 300, 1, 19),
(101, '1-100', 300, 1, 19),
(102, '1-101', 300, 1, 19),
(103, '1-102', 300, 1, 19),
(104, '1-103', 300, 1, 19),
(105, '1-104', 300, 1, 19),
(106, '1-105', 300, 1, 19),
(107, '1-106', 300, 1, 19),
(108, '1-107', 300, 1, 19),
(109, '1-108', 300, 1, 19),
(110, '1-109', 300, 1, 19),
(111, '1-110', 300, 1, 19),
(112, '1-111', 300, 1, 19),
(113, '1-112', 300, 1, 19),
(114, '1-113', 300, 1, 19),
(115, '1-114', 300, 1, 19),
(116, '1-115', 300, 1, 19),
(117, '1-116', 300, 1, 19),
(118, '1-117', 300, 1, 19),
(119, '1-118', 300, 1, 19),
(120, '1-119', 300, 1, 19),
(121, '1-120', 300, 1, 19),
(122, '1-121', 300, 1, 19),
(123, '1-122', 300, 1, 19),
(124, '1-123', 300, 1, 19),
(125, '1-124', 300, 1, 19),
(126, '1-125', 300, 1, 19),
(127, '1-126', 300, 1, 19),
(128, '1-127', 300, 1, 19),
(129, '1-128', 300, 1, 19),
(130, '1-129', 300, 1, 19),
(131, '1-130', 300, 1, 19),
(132, '1-131', 300, 1, 19),
(133, '1-132', 300, 1, 19),
(134, '1-133', 300, 1, 19),
(135, '1-134', 300, 1, 19),
(136, '1-135', 300, 1, 19),
(137, '1-136', 300, 1, 19),
(138, '1-137', 300, 1, 19),
(139, '1-138', 300, 1, 19),
(140, '1-139', 300, 1, 19),
(141, '1-140', 300, 1, 19),
(142, '1-141', 300, 1, 19),
(143, '1-142', 300, 1, 19),
(144, '1-143', 300, 1, 19),
(145, '1-144', 300, 1, 19),
(146, '1-145', 300, 1, 19),
(147, '1-146', 300, 1, 19),
(148, '1-147', 300, 1, 19),
(149, '1-148', 300, 1, 19),
(150, '1-149', 300, 1, 19),
(151, '1-150', 300, 1, 19),
(152, '1-151', 300, 1, 19),
(153, '1-152', 300, 1, 19),
(154, '1-153', 300, 1, 19),
(155, '1-154', 300, 1, 19),
(156, '1-155', 300, 1, 19),
(157, '1-156', 300, 1, 19),
(158, '1-157', 300, 1, 19),
(159, '1-158', 300, 1, 19),
(160, '1-159', 300, 1, 19),
(161, '1-160', 300, 1, 19),
(162, '1-161', 300, 1, 19),
(163, '1-162', 300, 1, 19),
(164, '1-163', 300, 1, 19),
(165, '1-164', 300, 1, 19),
(166, '1-165', 300, 1, 19),
(167, '1-166', 300, 1, 19),
(168, '1-167', 300, 1, 19),
(169, '1-168', 300, 1, 19),
(170, '1-169', 300, 1, 19),
(171, '1-170', 300, 1, 19),
(172, '1-171', 300, 1, 19),
(173, '1-172', 300, 1, 19),
(174, '1-173', 300, 1, 19),
(175, '1-174', 300, 1, 19),
(176, '1-175', 300, 1, 19),
(177, '1-176', 300, 1, 19),
(178, '1-177', 300, 1, 19),
(179, '1-178', 300, 1, 19),
(180, '1-179', 300, 1, 19),
(181, '1-180', 300, 1, 19),
(182, '1-181', 300, 1, 19),
(183, '1-182', 300, 1, 19),
(184, '1-183', 300, 1, 19),
(185, '1-184', 300, 1, 19),
(186, '1-185', 300, 1, 19),
(187, '1-186', 300, 1, 19),
(188, '1-187', 300, 1, 19),
(189, '1-188', 300, 1, 19),
(190, '1-189', 300, 1, 19),
(191, '1-190', 300, 1, 19),
(192, '1-191', 300, 1, 19),
(193, '1-192', 300, 1, 19),
(194, '1-193', 300, 1, 19),
(195, '1-194', 300, 1, 19),
(196, '1-195', 300, 1, 19),
(197, '1-196', 300, 1, 19),
(198, '1-197', 300, 1, 19),
(199, '1-198', 300, 1, 19),
(200, '1-199', 300, 1, 19),
(201, '2-0', 500, 2, 19),
(202, '2-1', 500, 2, 19),
(203, '2-2', 500, 2, 19),
(204, '2-3', 500, 2, 19),
(205, '2-4', 500, 2, 19),
(206, '2-5', 500, 2, 19),
(207, '2-6', 500, 2, 19),
(208, '2-7', 500, 2, 19),
(209, '2-8', 500, 2, 19),
(210, '2-9', 500, 2, 19),
(211, '2-10', 500, 2, 19),
(212, '2-11', 500, 2, 19),
(213, '2-12', 500, 2, 19),
(214, '2-13', 500, 2, 19),
(215, '2-14', 500, 2, 19),
(216, '2-15', 500, 2, 19),
(217, '2-16', 500, 2, 19),
(218, '2-17', 500, 2, 19),
(219, '2-18', 500, 2, 19),
(220, '2-19', 500, 2, 19),
(221, '2-20', 500, 2, 19),
(222, '2-21', 500, 2, 19),
(223, '2-22', 500, 2, 19),
(224, '2-23', 500, 2, 19),
(225, '2-24', 500, 2, 19),
(226, '2-25', 500, 2, 19),
(227, '2-26', 500, 2, 19),
(228, '2-27', 500, 2, 19),
(229, '2-28', 500, 2, 19),
(230, '2-29', 500, 2, 19),
(231, '2-30', 500, 2, 19),
(232, '2-31', 500, 2, 19),
(233, '2-32', 500, 2, 19),
(234, '2-33', 500, 2, 19),
(235, '2-34', 500, 2, 19),
(236, '2-35', 500, 2, 19),
(237, '2-36', 500, 2, 19),
(238, '2-37', 500, 2, 19),
(239, '2-38', 500, 2, 19),
(240, '2-39', 500, 2, 19),
(241, '2-40', 500, 2, 19),
(242, '2-41', 500, 2, 19),
(243, '2-42', 500, 2, 19),
(244, '2-43', 500, 2, 19),
(245, '2-44', 500, 2, 19),
(246, '2-45', 500, 2, 19),
(247, '2-46', 500, 2, 19),
(248, '2-47', 500, 2, 19),
(249, '2-48', 500, 2, 19),
(250, '2-49', 500, 2, 19),
(251, '2-50', 500, 2, 19),
(252, '2-51', 500, 2, 19),
(253, '2-52', 500, 2, 19),
(254, '2-53', 500, 2, 19),
(255, '2-54', 500, 2, 19),
(256, '2-55', 500, 2, 19),
(257, '2-56', 500, 2, 19),
(258, '2-57', 500, 2, 19),
(259, '2-58', 500, 2, 19),
(260, '2-59', 500, 2, 19),
(261, '2-60', 500, 2, 19),
(262, '2-61', 500, 2, 19),
(263, '2-62', 500, 2, 19),
(264, '2-63', 500, 2, 19),
(265, '2-64', 500, 2, 19),
(266, '2-65', 500, 2, 19),
(267, '2-66', 500, 2, 19),
(268, '2-67', 500, 2, 19),
(269, '2-68', 500, 2, 19),
(270, '2-69', 500, 2, 19),
(271, '2-70', 500, 2, 19),
(272, '2-71', 500, 2, 19),
(273, '2-72', 500, 2, 19),
(274, '2-73', 500, 2, 19),
(275, '2-74', 500, 2, 19),
(276, '2-75', 500, 2, 19),
(277, '2-76', 500, 2, 19),
(278, '2-77', 500, 2, 19),
(279, '2-78', 500, 2, 19),
(280, '2-79', 500, 2, 19),
(281, '2-80', 500, 2, 19),
(282, '2-81', 500, 2, 19),
(283, '2-82', 500, 2, 19),
(284, '2-83', 500, 2, 19),
(285, '2-84', 500, 2, 19),
(286, '2-85', 500, 2, 19),
(287, '2-86', 500, 2, 19),
(288, '2-87', 500, 2, 19),
(289, '2-88', 500, 2, 19),
(290, '2-89', 500, 2, 19),
(291, '2-90', 500, 2, 19),
(292, '2-91', 500, 2, 19),
(293, '2-92', 500, 2, 19),
(294, '2-93', 500, 2, 19),
(295, '2-94', 500, 2, 19),
(296, '2-95', 500, 2, 19),
(297, '2-96', 500, 2, 19),
(298, '2-97', 500, 2, 19),
(299, '2-98', 500, 2, 19),
(300, '2-99', 500, 2, 19),
(301, '3-0', 800, 3, 19),
(302, '3-1', 800, 3, 19),
(303, '3-2', 800, 3, 19),
(304, '3-3', 800, 3, 19),
(305, '3-4', 800, 3, 19),
(306, '3-5', 800, 3, 19),
(307, '3-6', 800, 3, 19),
(308, '3-7', 800, 3, 19),
(309, '3-8', 800, 3, 19),
(310, '3-9', 800, 3, 19),
(311, '3-10', 800, 3, 19),
(312, '3-11', 800, 3, 19),
(313, '3-12', 800, 3, 19),
(314, '3-13', 800, 3, 19),
(315, '3-14', 800, 3, 19),
(316, '3-15', 800, 3, 19),
(317, '3-16', 800, 3, 19),
(318, '3-17', 800, 3, 19),
(319, '3-18', 800, 3, 19),
(320, '3-19', 800, 3, 19),
(321, '3-20', 800, 3, 19),
(322, '3-21', 800, 3, 19),
(323, '3-22', 800, 3, 19),
(324, '3-23', 800, 3, 19),
(325, '3-24', 800, 3, 19),
(326, '3-25', 800, 3, 19),
(327, '3-26', 800, 3, 19),
(328, '3-27', 800, 3, 19),
(329, '3-28', 800, 3, 19),
(330, '3-29', 800, 3, 19),
(331, '3-30', 800, 3, 19),
(332, '3-31', 800, 3, 19),
(333, '3-32', 800, 3, 19),
(334, '3-33', 800, 3, 19),
(335, '3-34', 800, 3, 19),
(336, '3-35', 800, 3, 19),
(337, '3-36', 800, 3, 19),
(338, '3-37', 800, 3, 19),
(339, '3-38', 800, 3, 19),
(340, '3-39', 800, 3, 19),
(341, '3-40', 800, 3, 19),
(342, '3-41', 800, 3, 19),
(343, '3-42', 800, 3, 19),
(344, '3-43', 800, 3, 19),
(345, '3-44', 800, 3, 19),
(346, '3-45', 800, 3, 19),
(347, '3-46', 800, 3, 19),
(348, '3-47', 800, 3, 19),
(349, '3-48', 800, 3, 19),
(350, '3-49', 800, 3, 19),
(351, '4-0', 1200, 4, 19),
(352, '4-1', 1200, 4, 19),
(353, '4-2', 1200, 4, 19),
(354, '4-3', 1200, 4, 19),
(355, '4-4', 1200, 4, 19),
(356, '4-5', 1200, 4, 19),
(357, '4-6', 1200, 4, 19),
(358, '4-7', 1200, 4, 19),
(359, '4-8', 1200, 4, 19),
(360, '4-9', 1200, 4, 19),
(361, '4-10', 1200, 4, 19),
(362, '4-11', 1200, 4, 19),
(363, '4-12', 1200, 4, 19),
(364, '4-13', 1200, 4, 19),
(365, '4-14', 1200, 4, 19),
(366, '4-15', 1200, 4, 19),
(367, '4-16', 1200, 4, 19),
(368, '4-17', 1200, 4, 19),
(369, '4-18', 1200, 4, 19),
(370, '4-19', 1200, 4, 19),
(371, '4-20', 1200, 4, 19),
(372, '4-21', 1200, 4, 19),
(373, '4-22', 1200, 4, 19),
(374, '4-23', 1200, 4, 19),
(375, '4-24', 1200, 4, 19),
(376, '4-25', 1200, 4, 19),
(377, '4-26', 1200, 4, 19),
(378, '4-27', 1200, 4, 19),
(379, '4-28', 1200, 4, 19),
(380, '4-29', 1200, 4, 19),
(381, '4-30', 1200, 4, 19),
(382, '4-31', 1200, 4, 19),
(383, '4-32', 1200, 4, 19),
(384, '4-33', 1200, 4, 19),
(385, '4-34', 1200, 4, 19),
(386, '4-35', 1200, 4, 19),
(387, '4-36', 1200, 4, 19),
(388, '4-37', 1200, 4, 19),
(389, '4-38', 1200, 4, 19),
(390, '4-39', 1200, 4, 19),
(391, '4-40', 1200, 4, 19),
(392, '4-41', 1200, 4, 19),
(393, '4-42', 1200, 4, 19),
(394, '4-43', 1200, 4, 19),
(395, '4-44', 1200, 4, 19),
(396, '4-45', 1200, 4, 19),
(397, '4-46', 1200, 4, 19),
(398, '4-47', 1200, 4, 19),
(399, '4-48', 1200, 4, 19),
(400, '4-49', 1200, 4, 19),
(401, '4-50', 1200, 4, 19),
(402, '4-51', 1200, 4, 19),
(403, '4-52', 1200, 4, 19),
(404, '4-53', 1200, 4, 19),
(405, '4-54', 1200, 4, 19),
(406, '4-55', 1200, 4, 19),
(407, '4-56', 1200, 4, 19),
(408, '4-57', 1200, 4, 19),
(409, '4-58', 1200, 4, 19),
(410, '4-59', 1200, 4, 19),
(411, '4-60', 1200, 4, 19),
(412, '4-61', 1200, 4, 19),
(413, '4-62', 1200, 4, 19),
(414, '4-63', 1200, 4, 19),
(415, '4-64', 1200, 4, 19),
(416, '4-65', 1200, 4, 19),
(417, '4-66', 1200, 4, 19),
(418, '4-67', 1200, 4, 19),
(419, '4-68', 1200, 4, 19),
(420, '4-69', 1200, 4, 19),
(421, '4-70', 1200, 4, 19),
(422, '4-71', 1200, 4, 19),
(423, '4-72', 1200, 4, 19),
(424, '4-73', 1200, 4, 19),
(425, '4-74', 1200, 4, 19),
(426, '4-75', 1200, 4, 19),
(427, '4-76', 1200, 4, 19),
(428, '4-77', 1200, 4, 19),
(429, '4-78', 1200, 4, 19),
(430, '4-79', 1200, 4, 19),
(431, '4-80', 1200, 4, 19),
(432, '4-81', 1200, 4, 19),
(433, '4-82', 1200, 4, 19),
(434, '4-83', 1200, 4, 19),
(435, '4-84', 1200, 4, 19),
(436, '4-85', 1200, 4, 19),
(437, '4-86', 1200, 4, 19),
(438, '4-87', 1200, 4, 19),
(439, '4-88', 1200, 4, 19),
(440, '4-89', 1200, 4, 19),
(441, '4-90', 1200, 4, 19),
(442, '4-91', 1200, 4, 19),
(443, '4-92', 1200, 4, 19),
(444, '4-93', 1200, 4, 19),
(445, '4-94', 1200, 4, 19),
(446, '4-95', 1200, 4, 19),
(447, '4-96', 1200, 4, 19),
(448, '4-97', 1200, 4, 19),
(449, '4-98', 1200, 4, 19),
(450, '4-99', 1200, 4, 19);

-- --------------------------------------------------------

--
-- Estructura de tabla para la tabla `seat_types`
--

CREATE TABLE IF NOT EXISTS `seat_types` (
  `id` int(11) NOT NULL AUTO_INCREMENT,
  `type` varchar(50) DEFAULT NULL,
  PRIMARY KEY (`id`)
) ENGINE=InnoDB  DEFAULT CHARSET=latin1 AUTO_INCREMENT=5 ;

--
-- Volcado de datos para la tabla `seat_types`
--

INSERT INTO `seat_types` (`id`, `type`) VALUES
(1, 'Campo'),
(2, 'Platea'),
(3, 'Campo VIP'),
(4, 'Pullman');

-- --------------------------------------------------------

--
-- Estructura de tabla para la tabla `sites`
--

CREATE TABLE IF NOT EXISTS `sites` (
  `id` int(11) NOT NULL AUTO_INCREMENT,
  `city` varchar(50) DEFAULT NULL,
  `province` varchar(50) DEFAULT NULL,
  `address` varchar(80) DEFAULT NULL,
  `establishment` varchar(50) DEFAULT NULL,
  `capacity` int(7) DEFAULT NULL,
  PRIMARY KEY (`id`)
) ENGINE=InnoDB  DEFAULT CHARSET=latin1 AUTO_INCREMENT=7 ;

--
-- Volcado de datos para la tabla `sites`
--

INSERT INTO `sites` (`id`, `city`, `province`, `address`, `establishment`, `capacity`) VALUES
(1, 'Mar del Plata', 'Buenos Aires', 'Av. de las Olimpiadas 760', 'Estadio José María Minella', 50000),
(2, 'Mar del Plata', 'Buenos Aires', 'Juan B. Justo 1100', 'Abbey Road', 2000),
(3, 'Mar del Plata', 'Buenos Aires', 'rwherui', 'wiuehwierhiuwrh', 24323),
(4, 'qweqwe', 'qweqwe', 'qweqwe', 'qweqwe', 423423),
(5, 'ert', 'ertert', 'erte', 'rtert', 4234),
(6, 'TaMasLavadoQUe', 'AY ME QUEME', 'Mexico y 25 de Mayo', 'Los turos de las tores', 25000);

--
-- Restricciones para tablas volcadas
--

--
-- Filtros para la tabla `artists`
--
ALTER TABLE `artists`
  ADD CONSTRAINT `artists_ibfk_1` FOREIGN KEY (`genre_id`) REFERENCES `genres` (`id`);

--
-- Filtros para la tabla `calendars`
--
ALTER TABLE `calendars`
  ADD CONSTRAINT `calendars_ibfk_1` FOREIGN KEY (`site_id`) REFERENCES `sites` (`id`),
  ADD CONSTRAINT `calendars_ibfk_3` FOREIGN KEY (`event_id`) REFERENCES `gigs` (`id`);

--
-- Filtros para la tabla `gigs`
--
ALTER TABLE `gigs`
  ADD CONSTRAINT `gigs_ibfk_1` FOREIGN KEY (`event_category_id`) REFERENCES `event_categories` (`id`);

--
-- Filtros para la tabla `seats`
--
ALTER TABLE `seats`
  ADD CONSTRAINT `seats_ibfk_1` FOREIGN KEY (`seat_type_id`) REFERENCES `seat_types` (`id`),
  ADD CONSTRAINT `seats_ibfk_2` FOREIGN KEY (`calendar_id`) REFERENCES `calendars` (`id`);

/*!40101 SET CHARACTER_SET_CLIENT=@OLD_CHARACTER_SET_CLIENT */;
/*!40101 SET CHARACTER_SET_RESULTS=@OLD_CHARACTER_SET_RESULTS */;
/*!40101 SET COLLATION_CONNECTION=@OLD_COLLATION_CONNECTION */;
